,Level,Slope 20Y-2Y,Curvature 2*10Y-2Y-20Y
Node 1,-0.9995550978093989,-0.7200477339220931,-0.7433579387112508
Node 2,0.06778978735745159,-0.6600637623606351,-0.4387162563249621
Node 3,0.1719616516702923,0.07149899978766312,-0.351122053422451
