,rmse_bp,mae_bp
2Y,1.5519961018151551,1.2553260087387188
5Y,2.9506531746589024,2.1562985158751666
7Y,2.639142619029785,2.025770450235608
10Y,4.245603117741095,3.5221002628475215
15Y,3.733847785142074,2.80799012595255
20Y,3.616119585035243,2.739613428693528
