model,mean_rmse_bp,max_rmse_bp,mean_mae_bp,max_mae_bp,hidden_nodes,scale,epochs,restarts,best_seed,level_max_abs_corr,slope_max_abs_corr,curvature_max_abs_corr
PCA reconstruction,3.0056312986786886,4.141833919841036,2.3339745339642124,3.3846328781729023,3,centered PCA,0,0,,,,
Autoencoder 2 hidden nodes,24.744229780700138,31.150907645880523,17.363705501148242,20.97920033383432,2,none,2000,4,20046,0.9603267856349706,0.9085321213977255,0.702764114115751
Autoencoder 3 hidden nodes,16.623726139248223,18.911734858688824,11.54939751074234,13.95642361007865,3,none,2000,4,20048,0.8978706849318894,0.8978018617346821,0.903250070117074
Autoencoder 4 hidden nodes,13.78745868675898,17.33906522988328,10.028243285123297,12.164524008021527,4,none,2000,4,20048,0.9289364768212051,0.850940785462318,0.8967471155574597
"Autoencoder 3 hidden nodes, standardized sensitivity",5.132411872901866,6.3285473111596655,3.74887758370385,4.500152040673784,3,standardize,2000,4,30042,0.9437133468550686,0.9181243389633976,0.9032255467598723
